from,to
vorstand,thomas
vorstand,tobias
vorstand,oliver
aufsichtsrat,claus
aufsichtsrat,wilfried
aufsichtsrat,rainer
aufsichtsrat,hartmut
aufsichtsrat,franz
aufsichtsrat,bertram
ard,thomas
dfb,thomas
fifa,oliver
vflwolfsburg,oliver
dfl,oliver
bosch,claus
haniel,claus
metro,claus
intesia,claus
fcplayfair,claus
daimler,wilfried
dfb,rainer
kaercher,hartmut
daimler,franz
bosch,bertram
courage,bertram
vfbstuttgart,thomas
vfbstuttgart,tobias
vfbstuttgart,oliver
vfbstuttgart,claus
vfbstuttgart,wilfried
vfbstuttgart,rainer
vfbstuttgart,hartmut
vfbstuttgart,franz
vfbstuttgart,bertram